X;Y;x0_Si;ampli_Si;area_Si;fwhm_Si;Quadrant;Zone;Slot;DeltaW;Strain (GPa);NB pts
0.0;0.0;514.561;8954.123;54357.61;3.865;;Center;2;6.13900000000001;1.3352325000000025;49pts
44.667;0.0;514.568;8841.184;54022.971;3.89;;Center;2;6.132000000000062;1.3337100000000135;49pts
31.584;31.584;514.775;8885.474;54540.743;3.908;Q3;Center;2;5.925000000000068;1.2886875000000149;49pts
0.0;44.667;514.879;8760.634;54422.119;3.955;;Center;2;5.821000000000026;1.2660675000000057;49pts
-31.584;31.584;514.727;8839.336;54387.567;3.917;Q2;Center;2;5.97300000000007;1.299127500000015;49pts
-44.667;0.0;514.822;8816.475;54573.781;3.941;;Center;2;5.878000000000043;1.2784650000000093;49pts
-31.584;-31.584;514.761;8738.278;54440.073;3.966;Q1;Center;2;5.939000000000078;1.291732500000017;49pts
0.0;-44.667;514.68;9141.244;56243.701;3.917;;Center;2;6.020000000000096;1.3093500000000209;49pts
31.584;-31.584;514.689;8870.952;54936.331;3.942;Q4;Center;2;6.011000000000081;1.3073925000000175;49pts
89.333;0.0;514.938;7755.268;47799.195;3.924;;Mid-Radius;2;5.762000000000057;1.2532350000000123;49pts
82.533;34.186;514.864;7663.309;47377.049;3.936;Q3;Mid-Radius;2;5.836000000000013;1.2693300000000027;49pts
63.168;63.168;514.834;7682.175;47016.384;3.896;Q3;Mid-Radius;2;5.866000000000099;1.2758550000000215;49pts
34.186;82.533;514.861;7529.693;46670.309;3.946;Q3;Mid-Radius;2;5.839000000000056;1.269982500000012;49pts
0.0;89.333;514.752;7529.455;46424.25;3.925;;Mid-Radius;2;5.948000000000093;1.2936900000000202;49pts
-34.186;82.533;514.863;7464.412;46199.077;3.94;Q2;Mid-Radius;2;5.836999999999989;1.2695474999999976;49pts
-63.168;63.168;514.996;7877.004;48599.335;3.928;Q2;Mid-Radius;2;5.704000000000065;1.240620000000014;49pts
-82.533;34.186;515.036;7636.956;46983.92;3.917;Q2;Mid-Radius;2;5.664000000000101;1.231920000000022;49pts
-89.333;0.0;514.817;8072.97;49466.419;3.901;;Mid-Radius;2;5.883000000000038;1.2795525000000083;49pts
-82.533;-34.186;514.827;7625.068;46874.306;3.914;Q1;Mid-Radius;2;5.873000000000047;1.2773775000000105;49pts
-63.168;-63.168;514.815;7580.267;46459.783;3.902;Q1;Mid-Radius;2;5.884999999999991;1.279987499999998;49pts
-34.186;-82.533;514.9;8140.625;50521.01;3.951;Q1;Mid-Radius;2;5.800000000000068;1.2615000000000147;49pts
0.0;-89.333;514.87;7736.425;47124.26;3.878;;Mid-Radius;2;5.830000000000041;1.2680250000000088;49pts
34.186;-82.533;514.921;7924.695;48745.466;3.916;Q4;Mid-Radius;2;5.778999999999996;1.2569324999999991;49pts
63.168;-63.168;514.76;7660.295;47133.321;3.917;Q4;Mid-Radius;2;5.940000000000055;1.291950000000012;49pts
82.533;-34.186;514.882;7680.355;47172.931;3.91;Q4;Mid-Radius;2;5.818000000000097;1.265415000000021;49pts
134.0;0.0;515.044;7860.565;48609.03;3.937;;Edge;2;5.656000000000063;1.2301800000000136;49pts
129.434;34.682;514.999;8328.653;50970.808;3.896;Q3;Edge;2;5.701000000000022;1.2399675000000048;49pts
116.048;67.0;514.977;8289.619;51393.446;3.947;Q3;Edge;2;5.72300000000007;1.2447525000000152;49pts
94.752;94.752;515.0;8308.457;51019.384;3.909;Q3;Edge;2;5.7000000000000455;1.23975000000001;49pts
67.0;116.047;514.856;8131.84;51189.801;4.008;Q3;Edge;2;5.844000000000051;1.271070000000011;49pts
34.682;129.434;515.005;8359.889;52697.138;4.013;Q3;Edge;2;5.69500000000005;1.2386625000000109;49pts
0.0;134.0;515.006;8371.408;52074.332;3.96;;Edge;2;5.694000000000074;1.238445000000016;49pts
-34.682;129.434;514.822;7746.597;48348.507;3.973;Q2;Edge;2;5.878000000000043;1.2784650000000093;49pts
-67.0;116.047;515.116;8578.049;53619.153;3.979;Q2;Edge;2;5.58400000000006;1.2145200000000131;49pts
-94.752;94.752;514.918;7680.504;47864.911;3.967;Q2;Edge;2;5.782000000000039;1.2575850000000084;49pts
-116.047;67.0;514.911;8722.192;53731.609;3.922;Q2;Edge;2;5.789000000000101;1.259107500000022;49pts
-129.434;34.682;514.936;8494.374;52613.131;3.943;Q2;Edge;2;5.76400000000001;1.253670000000002;49pts
-134.0;0.0;515.116;8662.911;54313.349;3.991;;Edge;2;5.58400000000006;1.2145200000000131;49pts
-129.434;-34.682;514.986;8310.532;52289.527;4.006;Q1;Edge;2;5.714000000000056;1.242795000000012;49pts
-116.047;-67.0;514.926;8652.995;54250.461;3.991;Q1;Edge;2;5.774000000000001;1.255845;49pts
-94.752;-94.752;515.071;8160.981;50872.678;3.968;Q1;Edge;2;5.629000000000019;1.224307500000004;49pts
-67.0;-116.047;514.81;8771.409;54121.649;3.928;Q1;Edge;2;5.8900000000001;1.2810750000000215;49pts
-34.682;-129.434;515.139;7991.394;49880.649;3.974;Q1;Edge;2;5.561000000000036;1.2095175000000078;49pts
0.0;-134.0;515.128;8221.14;51209.147;3.965;;Edge;2;5.572000000000003;1.2119100000000005;49pts
34.682;-129.434;515.069;8308.558;51622.994;3.955;Q4;Edge;2;5.6310000000000855;1.2247425000000185;49pts
67.0;-116.047;515.002;7966.568;49672.073;3.969;Q4;Edge;2;5.698000000000093;1.2393150000000202;49pts
94.752;-94.752;514.954;8396.457;52219.746;3.959;Q4;Edge;2;5.746000000000095;1.2497550000000206;49pts
116.047;-67.0;514.951;7972.269;49621.188;3.962;Q4;Edge;2;5.749000000000024;1.2504075000000052;49pts
129.434;-34.682;514.876;8244.441;50640.133;3.91;Q4;Edge;2;5.824000000000069;1.266720000000015;49pts
0.0;0.0;514.441;8197.716;49641.664;3.855;;Center;2;6.259000000000015;1.3613325000000032;49pts
44.667;0.0;514.703;8639.538;52770.163;3.888;;Center;2;5.997000000000071;1.304347500000015;49pts
31.584;31.584;514.691;8700.313;53160.888;3.89;Q3;Center;2;6.009000000000015;1.306957500000003;49pts
0.0;44.667;514.638;8698.944;53113.057;3.887;;Center;2;6.062000000000012;1.3184850000000026;49pts
-31.584;31.584;514.641;8493.292;51977.305;3.896;Q2;Center;2;6.059000000000083;1.317832500000018;49pts
-44.667;0.0;514.628;8602.067;52870.785;3.913;;Center;2;6.072000000000003;1.3206600000000006;49pts
-31.584;-31.584;514.759;8757.689;53328.056;3.877;Q1;Center;2;5.941000000000031;1.2921675000000068;49pts
0.0;-44.667;514.806;8876.553;54764.117;3.928;;Center;2;5.8940000000000055;1.2819450000000012;49pts
31.584;-31.584;514.669;8852.358;53733.921;3.864;Q4;Center;2;6.031000000000063;1.3117425000000136;49pts
89.333;0.0;514.983;7559.839;45733.357;3.851;;Mid-Radius;2;5.717000000000098;1.2434475000000214;49pts
82.533;34.186;514.793;7653.937;46154.469;3.839;Q3;Mid-Radius;2;5.907000000000039;1.2847725000000083;49pts
63.168;63.168;514.778;7629.278;46413.982;3.873;Q3;Mid-Radius;2;5.9220000000000255;1.2880350000000056;49pts
34.186;82.533;514.957;7155.103;43565.515;3.876;Q3;Mid-Radius;2;5.743000000000052;1.249102500000011;49pts
0.0;89.333;514.829;7537.202;45767.722;3.866;;Mid-Radius;2;5.871000000000095;1.2769425000000203;49pts
-34.186;82.533;514.728;6855.977;41555.333;3.859;Q2;Mid-Radius;2;5.972000000000094;1.2989100000000204;49pts
-63.168;63.168;514.736;7681.917;45644.433;3.783;Q2;Mid-Radius;2;5.964000000000056;1.297170000000012;49pts
-82.533;34.186;514.765;7481.855;45119.902;3.839;Q2;Mid-Radius;2;5.935000000000059;1.290862500000013;49pts
-89.333;0.0;514.879;7763.692;47000.425;3.854;;Mid-Radius;2;5.821000000000026;1.2660675000000057;49pts
-82.533;-34.186;514.879;6896.012;42040.032;3.881;Q1;Mid-Radius;2;5.821000000000026;1.2660675000000057;49pts
-63.168;-63.168;514.709;7729.87;46997.715;3.871;Q1;Mid-Radius;2;5.991000000000099;1.3030425000000216;49pts
-34.186;-82.533;514.796;7985.313;48375.886;3.857;Q1;Mid-Radius;2;5.903999999999996;1.2841199999999993;49pts
0.0;-89.333;514.731;7965.681;47877.179;3.826;;Mid-Radius;2;5.969000000000051;1.2982575000000112;49pts
34.186;-82.533;514.758;7839.348;47096.828;3.825;Q4;Mid-Radius;2;5.942000000000007;1.2923850000000017;49pts
63.168;-63.168;514.946;7737.191;46896.791;3.859;Q4;Mid-Radius;2;5.754000000000019;1.2514950000000042;49pts
82.533;-34.186;514.73;7714.823;45988.555;3.795;Q4;Mid-Radius;2;5.970000000000027;1.2984750000000058;49pts
134.0;0.0;515.109;8151.174;49925.389;3.899;;Edge;2;5.591000000000008;1.2160425000000017;49pts
129.434;34.682;514.953;7951.025;47918.761;3.837;Q3;Edge;2;5.747000000000071;1.2499725000000157;49pts
116.047;67.0;515.082;8143.809;50296.914;3.932;Q3;Edge;2;5.618000000000052;1.2219150000000112;49pts
94.752;94.752;515.022;8044.982;49539.007;3.92;Q3;Edge;2;5.677999999999997;1.2349649999999994;49pts
67.0;116.047;514.951;8181.816;50161.174;3.903;Q3;Edge;2;5.749000000000024;1.2504075000000052;49pts
34.682;129.434;514.937;8172.8;50008.57;3.895;Q3;Edge;2;5.763000000000034;1.2534525000000074;49pts
0.0;134.0;514.979;8284.365;51529.422;3.96;;Edge;2;5.721000000000004;1.2443175000000009;49pts
-34.682;129.434;514.975;7776.572;47489.651;3.888;Q2;Edge;2;5.725000000000023;1.245187500000005;49pts
-67.0;116.047;515.0;7695.888;47602.937;3.938;Q2;Edge;2;5.7000000000000455;1.23975000000001;49pts
-94.752;94.752;515.005;7605.949;46809.587;3.918;Q2;Edge;2;5.69500000000005;1.2386625000000109;49pts
-116.047;67.0;514.897;8072.393;49452.306;3.9;Q2;Edge;2;5.802999999999997;1.2621524999999991;49pts
-129.434;34.682;514.835;7897.085;48204.221;3.886;Q2;Edge;2;5.865000000000009;1.275637500000002;49pts
-134.0;0.0;515.056;8325.955;52060.659;3.981;;Edge;2;5.6440000000000055;1.2275700000000012;49pts
-129.434;-34.682;514.879;7862.952;48474.59;3.925;Q1;Edge;2;5.821000000000026;1.2660675000000057;49pts
-116.047;-67.0;515.079;8406.27;51970.721;3.936;Q1;Edge;2;5.621000000000095;1.2225675000000205;49pts
-94.752;-94.752;514.922;8537.057;52523.741;3.917;Q1;Edge;2;5.77800000000002;1.2567150000000042;49pts
-67.0;-116.047;515.033;7670.941;47192.755;3.917;Q1;Edge;2;5.66700000000003;1.2325725000000065;49pts
-34.682;-129.434;515.049;8225.277;50264.012;3.89;Q1;Edge;2;5.651000000000067;1.2290925000000146;49pts
0.0;-134.0;514.98;8434.328;51546.777;3.891;;Edge;2;5.720000000000027;1.244100000000006;49pts
34.682;-129.434;515.017;8281.746;50997.838;3.92;Q4;Edge;2;5.682999999999993;1.2360524999999984;49pts
67.0;-116.047;515.016;8281.472;50695.196;3.897;Q4;Edge;2;5.684000000000083;1.236270000000018;49pts
94.752;-94.752;514.936;8394.206;51085.536;3.874;Q4;Edge;2;5.76400000000001;1.253670000000002;49pts
116.048;-67.0;515.032;7931.481;48907.504;3.926;Q4;Edge;2;5.668000000000006;1.2327900000000014;49pts
129.434;-34.682;515.011;7842.737;48009.81;3.897;Q4;Edge;2;5.689000000000078;1.237357500000017;49pts
0.0;0.0;514.558;8618.492;51993.45;3.841;;Center;3;6.142000000000053;1.3358850000000115;49pts
44.667;0.0;514.905;8893.554;54559.456;3.905;;Center;3;5.795000000000073;1.260412500000016;49pts
31.584;31.584;514.781;8766.785;54046.584;3.925;Q3;Center;3;5.919000000000096;1.287382500000021;49pts
0.0;44.667;514.651;8578.16;52655.765;3.908;;Center;3;6.049000000000092;1.31565750000002;49pts
-31.584;31.584;514.717;8804.194;53651.336;3.879;Q2;Center;3;5.983000000000061;1.3013025000000134;49pts
-44.667;0.0;514.715;8798.4;54555.638;3.947;;Center;3;5.985000000000014;1.3017375000000029;49pts
-31.584;-31.584;514.806;8418.629;52478.746;3.968;Q1;Center;3;5.8940000000000055;1.2819450000000012;49pts
0.0;-44.667;514.655;8858.298;54643.547;3.927;;Center;3;6.045000000000073;1.3147875000000158;49pts
31.584;-31.584;514.861;8020.97;49920.36;3.962;Q4;Center;3;5.839000000000056;1.269982500000012;49pts
89.333;0.0;514.772;7753.433;47221.55;3.877;;Mid-Radius;3;5.927999999999997;1.2893399999999997;49pts
82.533;34.186;514.869;6986.362;43286.064;3.944;Q3;Mid-Radius;3;5.831000000000017;1.2682425000000035;49pts
63.168;63.168;514.9;7770.835;47512.444;3.892;Q3;Mid-Radius;3;5.800000000000068;1.2615000000000147;49pts
34.186;82.533;514.869;7731.889;47323.095;3.896;Q3;Mid-Radius;3;5.831000000000017;1.2682425000000035;49pts
0.0;89.333;514.867;7466.773;45522.261;3.881;;Mid-Radius;3;5.833000000000084;1.268677500000018;49pts
-34.186;82.533;514.896;7317.613;44927.091;3.909;Q2;Mid-Radius;3;5.804000000000087;1.262370000000019;49pts
-63.168;63.168;514.952;7780.116;48613.356;3.978;Q2;Mid-Radius;3;5.748000000000047;1.2501900000000103;49pts
-82.533;34.186;514.797;7822.628;47894.455;3.898;Q2;Mid-Radius;3;5.90300000000002;1.2839025000000044;49pts
-89.333;0.0;514.8;7033.065;42868.737;3.88;;Mid-Radius;3;5.900000000000091;1.2832500000000198;49pts
-82.533;-34.186;514.881;7669.13;47175.035;3.916;Q1;Mid-Radius;3;5.819000000000074;1.265632500000016;49pts
-63.168;-63.168;514.897;7912.026;48642.972;3.914;Q1;Mid-Radius;3;5.802999999999997;1.2621524999999991;49pts
-34.186;-82.533;514.892;7106.727;43717.29;3.916;Q1;Mid-Radius;3;5.807999999999993;1.2632399999999984;49pts
0.0;-89.333;514.879;7767.875;47384.877;3.883;;Mid-Radius;3;5.821000000000026;1.2660675000000057;49pts
34.186;-82.533;514.938;7970.174;49256.243;3.934;Q4;Mid-Radius;3;5.762000000000057;1.2532350000000123;49pts
63.168;-63.168;514.921;6591.82;40838.059;3.944;Q4;Mid-Radius;3;5.778999999999996;1.2569324999999991;49pts
82.533;-34.186;514.89;7753.993;47581.761;3.907;Q4;Mid-Radius;3;5.810000000000059;1.2636750000000128;49pts
134.0;0.0;515.065;8241.108;51086.611;3.946;;Edge;3;5.634999999999991;1.225612499999998;49pts
129.434;34.682;515.114;8236.531;51673.814;3.994;Q3;Edge;3;5.586000000000013;1.214955000000003;49pts
116.047;67.0;515.122;8174.701;51105.253;3.98;Q3;Edge;3;5.578000000000088;1.2132150000000193;49pts
94.752;94.752;514.92;8270.785;51207.401;3.942;Q3;Edge;3;5.780000000000086;1.2571500000000189;49pts
67.0;116.047;514.997;7723.018;47919.42;3.95;Q3;Edge;3;5.703000000000088;1.2404025000000192;49pts
34.682;129.434;515.116;8372.969;52221.312;3.971;Q3;Edge;3;5.58400000000006;1.2145200000000131;49pts
0.0;134.0;515.012;8565.145;53056.092;3.943;;Edge;3;5.688000000000102;1.237140000000022;49pts
-34.682;129.434;515.095;7999.576;50098.474;3.987;Q2;Edge;3;5.605000000000018;1.219087500000004;49pts
-67.0;116.047;514.938;8848.174;54953.086;3.954;Q2;Edge;3;5.762000000000057;1.2532350000000123;49pts
-94.752;94.752;514.969;7967.654;49678.901;3.969;Q2;Edge;3;5.7309999999999945;1.246492499999999;49pts
-116.047;67.0;514.841;8422.566;52306.431;3.954;Q2;Edge;3;5.859000000000037;1.274332500000008;49pts
-129.434;34.682;515.006;8215.275;51364.382;3.98;Q2;Edge;3;5.694000000000074;1.238445000000016;49pts
-134.0;0.0;515.08;8735.243;54315.299;3.958;;Edge;3;5.6200000000000045;1.222350000000001;49pts
-129.434;-34.682;515.138;8529.659;53457.946;3.99;Q1;Edge;3;5.562000000000012;1.209735000000003;49pts
-116.047;-67.0;515.01;8735.117;53930.613;3.93;Q1;Edge;3;5.690000000000055;1.237575000000012;49pts
-94.752;-94.752;515.102;8659.885;53589.089;3.94;Q1;Edge;3;5.59800000000007;1.217565000000015;49pts
-67.0;-116.047;515.102;8748.461;54066.543;3.934;Q1;Edge;3;5.59800000000007;1.217565000000015;49pts
-34.682;-129.434;514.99;8772.523;53724.482;3.899;Q1;Edge;3;5.710000000000036;1.241925000000008;49pts
0.0;-134.0;515.1;8736.206;53433.209;3.894;;Edge;3;5.600000000000023;1.2180000000000049;49pts
34.682;-129.434;514.962;8589.798;52651.157;3.902;Q4;Edge;3;5.738000000000056;1.2480150000000123;49pts
67.0;-116.047;514.984;8566.64;52814.732;3.925;Q4;Edge;3;5.716000000000008;1.2432300000000018;49pts
94.752;-94.752;515.07;8523.653;52663.835;3.933;Q4;Edge;3;5.629999999999996;1.224524999999999;49pts
116.047;-67.0;515.121;8347.379;51784.628;3.949;Q4;Edge;3;5.579000000000065;1.213432500000014;49pts
129.434;-34.682;515.076;8035.763;49452.468;3.918;Q4;Edge;3;5.624000000000024;1.223220000000005;49pts
0.0;0.0;514.784;8673.605;52760.354;3.872;;Center;4;5.916000000000054;1.2867300000000117;49pts
44.667;0.0;514.754;8984.338;55162.515;3.909;;Center;4;5.946000000000026;1.2932550000000058;49pts
31.584;31.584;514.82;8887.904;54199.2;3.882;Q3;Center;4;5.879999999999996;1.278899999999999;49pts
0.0;44.667;514.685;8797.843;54108.991;3.915;;Center;4;6.0150000000001;1.3082625000000216;49pts
-31.584;31.584;514.934;8811.149;54308.941;3.924;Q2;Center;4;5.766000000000076;1.254105000000017;49pts
-44.667;0.0;514.878;8878.991;54374.793;3.899;;Center;4;5.822000000000003;1.2662850000000003;49pts
-31.584;-31.584;514.802;8942.417;55173.662;3.928;Q1;Center;4;5.898000000000025;1.2828150000000054;49pts
0.0;-44.667;514.889;8898.589;55372.878;3.961;;Center;4;5.811000000000036;1.2638925000000076;49pts
31.584;-31.584;514.747;8994.554;55230.186;3.909;Q4;Center;4;5.953000000000088;1.2947775000000192;49pts
89.333;0.0;515.018;7734.875;47469.414;3.907;;Mid-Radius;4;5.682000000000016;1.2358350000000036;49pts
82.533;34.186;514.93;7722.951;47411.841;3.908;Q3;Mid-Radius;4;5.770000000000096;1.2549750000000208;49pts
63.168;63.168;514.884;7691.508;46928.542;3.884;Q3;Mid-Radius;4;5.816000000000031;1.2649800000000069;49pts
34.186;82.533;514.832;7636.732;46415.367;3.869;Q3;Mid-Radius;4;5.868000000000052;1.2762900000000112;49pts
0.0;89.333;514.942;7498.458;46235.197;3.925;;Mid-Radius;4;5.758000000000038;1.2523650000000084;49pts
-34.186;82.533;515.016;7339.409;44752.383;3.882;Q2;Mid-Radius;4;5.684000000000083;1.236270000000018;49pts
-63.168;63.168;514.864;7838.061;48043.373;3.902;Q2;Mid-Radius;4;5.836000000000013;1.2693300000000027;49pts
-82.533;34.186;514.904;7162.852;43971.752;3.908;Q2;Mid-Radius;4;5.796000000000049;1.2606300000000106;49pts
-89.333;0.0;515.014;7895.571;48371.018;3.9;;Mid-Radius;4;5.686000000000036;1.2367050000000075;49pts
-82.533;-34.186;515.017;7889.983;48046.151;3.877;Q1;Mid-Radius;4;5.682999999999993;1.2360524999999984;49pts
-63.168;-63.168;515.084;7457.638;45855.5;3.914;Q1;Mid-Radius;4;5.616000000000099;1.2214800000000217;49pts
-34.186;-82.533;514.839;7663.799;47208.405;3.922;Q1;Mid-Radius;4;5.86099999999999;1.2747674999999978;49pts
0.0;-89.333;514.846;7798.96;46997.496;3.836;;Mid-Radius;4;5.854000000000042;1.273245000000009;49pts
34.186;-82.533;514.901;7668.409;47472.133;3.941;Q4;Mid-Radius;4;5.799000000000092;1.26128250000002;49pts
63.168;-63.168;514.996;7900.681;48604.084;3.916;Q4;Mid-Radius;4;5.704000000000065;1.240620000000014;49pts
82.533;-34.186;514.972;7720.418;47231.21;3.895;Q4;Mid-Radius;4;5.7280000000000655;1.2458400000000145;49pts
134.0;0.0;515.041;8250.446;50630.001;3.907;;Edge;4;5.658999999999992;1.2308324999999982;49pts
129.434;34.682;515.125;8161.917;50335.845;3.926;Q3;Edge;4;5.5750000000000455;1.21256250000001;49pts
116.047;67.0;515.094;8308.522;50724.359;3.887;Q3;Edge;4;5.6059999999999945;1.2193049999999988;49pts
94.752;94.752;515.088;8255.016;51123.97;3.943;Q3;Edge;4;5.61200000000008;1.2206100000000173;49pts
67.0;116.047;515.117;8333.843;51942.361;3.968;Q3;Edge;4;5.583000000000084;1.2143025000000185;49pts
34.682;129.434;515.051;8474.95;53023.164;3.983;Q3;Edge;4;5.649000000000001;1.2286575000000002;49pts
0.0;134.0;514.977;8689.25;53170.595;3.896;;Edge;4;5.72300000000007;1.2447525000000152;49pts
-34.682;129.434;514.961;7949.816;49394.749;3.956;Q2;Edge;4;5.739000000000033;1.2482325000000072;49pts
-67.0;116.047;515.098;8026.54;49770.977;3.948;Q2;Edge;4;5.602000000000089;1.2184350000000197;49pts
-94.752;94.752;515.14;7445.174;46799.155;4.002;Q2;Edge;4;5.560000000000059;1.209300000000013;49pts
-116.048;67.0;515.124;8500.785;53220.613;3.986;Q2;Edge;4;5.576000000000022;1.2127800000000046;49pts
-129.434;34.682;515.035;8043.128;49958.632;3.954;Q2;Edge;4;5.665000000000077;1.2321375000000168;49pts
-134.0;0.0;515.062;8455.639;52848.85;3.979;;Edge;4;5.638000000000034;1.2262650000000073;49pts
-129.434;-34.682;514.964;8319.938;51587.05;3.947;Q1;Edge;4;5.73599999999999;1.247579999999998;49pts
-116.047;-67.0;515.01;8643.759;53415.511;3.934;Q1;Edge;4;5.690000000000055;1.237575000000012;49pts
-94.752;-94.752;515.072;8243.247;50858.504;3.928;Q1;Edge;4;5.628000000000043;1.2240900000000092;49pts
-67.0;-116.047;515.196;8557.513;52837.997;3.931;Q1;Edge;4;5.504000000000019;1.1971200000000042;49pts
-34.682;-129.434;515.091;7922.548;48952.636;3.934;Q1;Edge;4;5.609000000000037;1.219957500000008;49pts
0.0;-134.0;515.069;7800.844;47838.549;3.904;;Edge;4;5.6310000000000855;1.2247425000000185;49pts
34.682;-129.434;515.101;7500.939;45643.549;3.874;Q4;Edge;4;5.599000000000046;1.21778250000001;49pts
67.0;-116.047;515.155;8405.734;51178.664;3.876;Q4;Edge;4;5.545000000000073;1.206037500000016;49pts
94.752;-94.752;515.072;8216.64;50371.912;3.903;Q4;Edge;4;5.628000000000043;1.2240900000000092;49pts
116.047;-67.0;515.064;7595.748;46412.472;3.89;Q4;Edge;4;5.636000000000081;1.2258300000000175;49pts
129.434;-34.682;515.201;7923.807;48784.371;3.919;Q4;Edge;4;5.499000000000024;1.1960325000000052;49pts
0.0;0.0;514.634;8414.852;50715.575;3.837;;Center;5;6.066000000000031;1.3193550000000067;49pts
44.667;0.0;514.824;8266.105;49986.495;3.85;;Center;5;5.87600000000009;1.2780300000000195;49pts
31.584;31.584;514.766;8380.959;51112.516;3.883;Q3;Center;5;5.934000000000083;1.290645000000018;49pts
0.0;44.667;514.922;8275.452;50600.353;3.893;;Center;5;5.77800000000002;1.2567150000000042;49pts
-31.584;31.584;514.756;7109.026;43020.262;3.853;Q2;Center;5;5.944000000000074;1.292820000000016;49pts
-44.667;0.0;514.741;7282.068;44356.064;3.878;;Center;5;5.95900000000006;1.2960825000000131;49pts
-31.584;-31.584;514.886;8415.333;51780.889;3.917;Q1;Center;5;5.814000000000078;1.264545000000017;49pts
0.0;-44.667;514.698;8568.135;52396.487;3.893;;Center;5;6.002000000000066;1.3054350000000143;49pts
31.584;-31.584;514.698;8543.373;51854.615;3.864;Q4;Center;5;6.002000000000066;1.3054350000000143;49pts
89.333;0.0;514.813;7482.306;45524.91;3.873;;Mid-Radius;5;5.887000000000057;1.2804225000000125;49pts
82.533;34.186;514.916;7603.465;45947.527;3.847;Q3;Mid-Radius;5;5.783999999999992;1.258019999999998;49pts
63.168;63.168;514.921;7504.775;45626.882;3.87;Q3;Mid-Radius;5;5.778999999999996;1.2569324999999991;49pts
34.186;82.533;514.87;7251.585;44538.679;3.91;Q3;Mid-Radius;5;5.830000000000041;1.2680250000000088;49pts
0.0;89.333;514.864;7229.774;44347.57;3.905;;Mid-Radius;5;5.836000000000013;1.2693300000000027;49pts
-34.186;82.533;514.897;6895.937;42154.666;3.892;Q2;Mid-Radius;5;5.802999999999997;1.2621524999999991;49pts
-63.168;63.168;514.963;7601.681;46063.011;3.858;Q2;Mid-Radius;5;5.73700000000008;1.2477975000000174;49pts
-82.533;34.186;514.893;7501.594;45788.842;3.886;Q2;Mid-Radius;5;5.807000000000016;1.2630225000000035;49pts
-89.333;0.0;514.983;6934.796;42214.712;3.875;;Mid-Radius;5;5.717000000000098;1.2434475000000214;49pts
-82.533;-34.186;514.902;7344.121;44874.359;3.89;Q1;Mid-Radius;5;5.798000000000002;1.2610650000000003;49pts
-63.168;-63.168;514.826;7548.562;46053.324;3.884;Q1;Mid-Radius;5;5.874000000000024;1.2775950000000051;49pts
-34.186;-82.533;515.017;7662.561;47221.964;3.923;Q1;Mid-Radius;5;5.682999999999993;1.2360524999999984;49pts
0.0;-89.333;514.867;7585.849;46443.618;3.898;;Mid-Radius;5;5.833000000000084;1.268677500000018;49pts
34.186;-82.533;515.02;7494.431;45507.861;3.866;Q4;Mid-Radius;5;5.680000000000064;1.2354000000000138;49pts
63.168;-63.168;514.88;7554.587;46328.63;3.904;Q4;Mid-Radius;5;5.82000000000005;1.2658500000000108;49pts
82.533;-34.186;514.844;7461.289;45194.99;3.856;Q4;Mid-Radius;5;5.8559999999999945;1.2736799999999988;49pts
134.0;0.0;515.122;7836.398;48169.749;3.913;;Edge;5;5.578000000000088;1.2132150000000193;49pts
129.434;34.682;515.103;7914.231;48327.337;3.887;Q3;Edge;5;5.597000000000094;1.2173475000000205;49pts
116.047;67.0;515.179;8028.909;48906.079;3.878;Q3;Edge;5;5.521000000000072;1.2008175000000156;49pts
94.752;94.752;515.051;7865.779;48523.913;3.927;Q3;Edge;5;5.649000000000001;1.2286575000000002;49pts
67.0;116.047;515.065;8031.101;49179.952;3.898;Q3;Edge;5;5.634999999999991;1.225612499999998;49pts
34.682;129.434;515.054;7969.863;49541.814;3.957;Q3;Edge;5;5.646000000000072;1.2280050000000156;49pts
0.0;134.0;514.968;8057.781;49517.663;3.912;;Edge;5;5.732000000000085;1.2467100000000184;49pts
-34.682;129.434;514.891;7543.911;46288.611;3.906;Q2;Edge;5;5.809000000000083;1.263457500000018;49pts
-67.0;116.047;514.999;7142.864;44352.185;3.953;Q2;Edge;5;5.701000000000022;1.2399675000000048;49pts
-94.752;94.752;514.916;7690.87;47580.898;3.939;Q2;Edge;5;5.783999999999992;1.258019999999998;49pts
-116.047;67.0;515.138;7850.793;48870.732;3.963;Q2;Edge;5;5.562000000000012;1.209735000000003;49pts
-129.434;34.682;515.128;7465.556;46330.904;3.951;Q2;Edge;5;5.572000000000003;1.2119100000000005;49pts
-134.0;0.0;515.062;8080.399;49807.533;3.924;;Edge;5;5.638000000000034;1.2262650000000073;49pts
-129.434;-34.682;514.969;7948.294;48927.294;3.919;Q1;Edge;5;5.7309999999999945;1.246492499999999;49pts
-116.047;-67.0;514.968;7850.98;47960.406;3.889;Q1;Edge;5;5.732000000000085;1.2467100000000184;49pts
-94.752;-94.752;515.077;7763.947;47493.897;3.894;Q1;Edge;5;5.623000000000047;1.2230025000000102;49pts
-67.0;-116.047;515.131;8146.886;50655.985;3.958;Q1;Edge;5;5.569000000000074;1.211257500000016;49pts
-34.682;-129.434;514.982;8194.288;50056.221;3.889;Q1;Edge;5;5.718000000000075;1.2436650000000162;49pts
0.0;-134.0;515.142;8134.051;49667.415;3.887;;Edge;5;5.557999999999993;1.2088649999999983;49pts
34.682;-129.434;515.188;7891.235;48215.326;3.89;Q4;Edge;5;5.512000000000057;1.1988600000000125;49pts
67.0;-116.047;515.171;7781.109;48028.23;3.929;Q4;Edge;5;5.528999999999996;1.2025574999999993;49pts
94.752;-94.752;515.046;7842.357;48400.061;3.929;Q4;Edge;5;5.653999999999996;1.2297449999999992;49pts
116.047;-67.0;515.265;6594.016;40621.707;3.922;Q4;Edge;5;5.435000000000059;1.1821125000000128;49pts
129.434;-34.682;515.002;7675.673;47212.884;3.916;Q4;Edge;5;5.698000000000093;1.2393150000000202;49pts
0.0;0.0;514.617;8197.346;49559.925;3.849;;Center;6;6.083000000000084;1.3230525000000182;49pts
44.667;0.0;514.729;8064.035;49396.832;3.9;;Center;6;5.971000000000004;1.2986925000000007;49pts
31.584;31.584;514.716;7846.666;48782.054;3.958;Q3;Center;6;5.984000000000037;1.301520000000008;49pts
0.0;44.667;514.84;8055.953;49262.559;3.893;;Center;6;5.860000000000014;1.274550000000003;49pts
-31.584;31.584;514.722;7879.926;47962.068;3.875;Q2;Center;6;5.9780000000000655;1.3002150000000143;49pts
-44.667;0.0;514.757;7910.848;48337.436;3.89;;Center;6;5.943000000000097;1.2926025000000212;49pts
-31.584;-31.584;514.784;8027.751;49466.128;3.923;Q1;Center;6;5.916000000000054;1.2867300000000117;49pts
0.0;-44.667;514.713;8112.471;49299.962;3.869;;Center;6;5.98700000000008;1.3021725000000175;49pts
31.584;-31.584;514.823;8134.452;49960.494;3.91;Q4;Center;6;5.877000000000066;1.2782475000000144;49pts
89.333;0.0;514.779;7160.965;43479.971;3.865;;Mid-Radius;6;5.921000000000049;1.2878175000000107;49pts
82.533;34.186;514.819;7140.146;43830.364;3.908;Q3;Mid-Radius;6;5.8810000000000855;1.2791175000000186;49pts
63.168;63.168;514.843;7013.608;42307.878;3.84;Q3;Mid-Radius;6;5.857000000000085;1.2738975000000183;49pts
34.186;82.533;514.8;6961.14;42196.549;3.859;Q3;Mid-Radius;6;5.900000000000091;1.2832500000000198;49pts
0.0;89.333;514.845;6858.033;41654.69;3.867;;Mid-Radius;6;5.855000000000018;1.273462500000004;49pts
-34.186;82.533;514.979;6526.011;40422.411;3.943;Q2;Mid-Radius;6;5.721000000000004;1.2443175000000009;49pts
-63.168;63.168;514.821;6737.172;41164.802;3.89;Q2;Mid-Radius;6;5.879000000000019;1.2786825000000042;49pts
-82.533;34.186;514.87;7024.977;42661.975;3.866;Q2;Mid-Radius;6;5.830000000000041;1.2680250000000088;49pts
-89.333;0.0;514.809;7259.575;43770.949;3.838;;Mid-Radius;6;5.891000000000076;1.2812925000000166;49pts
-82.533;-34.186;514.742;7186.406;43666.293;3.868;Q1;Mid-Radius;6;5.958000000000084;1.2958650000000185;49pts
-63.168;-63.168;514.871;7326.479;44239.143;3.844;Q1;Mid-Radius;6;5.829000000000065;1.267807500000014;49pts
-34.186;-82.533;514.827;7519.912;44973.637;3.807;Q1;Mid-Radius;6;5.873000000000047;1.2773775000000105;49pts
0.0;-89.333;514.856;7516.847;45052.24;3.816;;Mid-Radius;6;5.844000000000051;1.271070000000011;49pts
34.186;-82.533;514.822;7262.134;43315.548;3.797;Q4;Mid-Radius;6;5.878000000000043;1.2784650000000093;49pts
63.168;-63.168;514.898;7344.209;44557.653;3.862;Q4;Mid-Radius;6;5.802000000000021;1.2619350000000045;49pts
82.533;-34.186;514.902;7275.31;44185.44;3.866;Q4;Mid-Radius;6;5.798000000000002;1.2610650000000003;49pts
134.0;0.0;514.903;7156.403;43070.178;3.831;;Edge;6;5.7970000000000255;1.2608475000000057;49pts
129.434;34.682;515.125;7659.696;46412.48;3.857;Q3;Edge;6;5.5750000000000455;1.21256250000001;49pts
116.048;67.0;515.062;7788.444;47053.383;3.846;Q3;Edge;6;5.638000000000034;1.2262650000000073;49pts
94.752;94.752;514.931;7739.14;47175.673;3.881;Q3;Edge;6;5.7690000000000055;1.254757500000001;49pts
67.0;116.047;515.01;7915.437;48481.999;3.899;Q3;Edge;6;5.690000000000055;1.237575000000012;49pts
34.682;129.434;515.112;7950.846;48793.028;3.907;Q3;Edge;6;5.588000000000079;1.2153900000000173;49pts
0.0;134.0;514.934;8008.329;48632.267;3.866;;Edge;6;5.766000000000076;1.254105000000017;49pts
-34.682;129.434;515.035;7548.89;46578.793;3.928;Q2;Edge;6;5.665000000000077;1.2321375000000168;49pts
-67.0;116.047;515.195;7416.468;45964.092;3.945;Q2;Edge;6;5.504999999999996;1.197337499999999;49pts
-94.752;94.752;514.949;7144.176;44431.876;3.959;Q2;Edge;6;5.75100000000009;1.2508425000000196;49pts
-116.047;67.0;515.158;7710.084;47614.256;3.931;Q2;Edge;6;5.54200000000003;1.2053850000000066;49pts
-129.434;34.682;515.086;7285.667;44179.172;3.86;Q2;Edge;6;5.614000000000033;1.221045000000007;49pts
-134.0;0.0;515.116;7971.5;48741.354;3.893;;Edge;6;5.58400000000006;1.2145200000000131;49pts
-129.434;-34.682;515.044;7084.96;43864.149;3.941;Q1;Edge;6;5.656000000000063;1.2301800000000136;49pts
-116.047;-67.0;515.0;7865.195;47846.969;3.873;Q1;Edge;6;5.7000000000000455;1.23975000000001;49pts
-94.752;-94.752;515.111;7956.518;48375.365;3.871;Q1;Edge;6;5.589000000000056;1.2156075000000122;49pts
-67.0;-116.047;515.093;8008.314;49220.631;3.913;Q1;Edge;6;5.607000000000085;1.2195225000000185;49pts
-34.682;-129.434;515.17;7996.943;49003.792;3.901;Q1;Edge;6;5.530000000000086;1.2027750000000188;49pts
0.0;-134.0;515.273;8106.366;48852.925;3.837;;Edge;6;5.427000000000021;1.1803725000000045;49pts
34.682;-129.434;515.145;7887.567;48044.101;3.878;Q4;Edge;6;5.555000000000064;1.208212500000014;49pts
67.0;-116.047;515.088;8010.395;48289.01;3.838;Q4;Edge;6;5.61200000000008;1.2206100000000173;49pts
94.752;-94.752;515.098;7869.574;47699.433;3.859;Q4;Edge;6;5.602000000000089;1.2184350000000197;49pts
116.047;-67.0;515.147;7561.369;46300.541;3.898;Q4;Edge;6;5.552999999999997;1.2077774999999995;49pts
129.434;-34.682;515.208;7410.205;45379.98;3.899;Q4;Edge;6;5.492000000000076;1.1945100000000164;49pts
0.0;0.0;514.706;8909.729;54447.149;3.89;;Center;7;5.994000000000028;1.303695000000006;49pts
44.667;0.0;514.646;8863.962;54481.882;3.913;;Center;7;6.054000000000087;1.316745000000019;49pts
31.584;31.584;514.825;8889.626;54471.735;3.901;Q3;Center;7;5.875;1.2778125;49pts
0.0;44.667;514.695;8844.881;54262.562;3.906;;Center;7;6.004999999999996;1.306087499999999;49pts
-31.584;31.584;514.779;8367.692;51193.295;3.895;Q2;Center;7;5.921000000000049;1.2878175000000107;49pts
-44.667;0.0;514.828;8829.337;55027.308;3.968;;Center;7;5.872000000000071;1.2771600000000154;49pts
-31.584;-31.584;514.833;8739.73;54527.893;3.972;Q1;Center;7;5.867000000000076;1.2760725000000164;49pts
0.0;-44.667;514.741;9202.928;56590.291;3.915;;Center;7;5.95900000000006;1.2960825000000131;49pts
31.584;-31.584;514.79;8942.772;54295.038;3.865;Q4;Center;7;5.910000000000082;1.2854250000000178;49pts
89.333;0.0;515.057;6734.264;40904.678;3.867;;Mid-Radius;7;5.643000000000029;1.2273525000000065;49pts
82.533;34.186;514.858;7642.89;46906.278;3.907;Q3;Mid-Radius;7;5.842000000000098;1.2706350000000213;49pts
63.168;63.168;514.931;7649.544;46653.657;3.883;Q3;Mid-Radius;7;5.7690000000000055;1.254757500000001;49pts
34.186;82.533;514.898;7719.763;47148.539;3.888;Q3;Mid-Radius;7;5.802000000000021;1.2619350000000045;49pts
0.0;89.333;514.823;7686.605;46925.322;3.886;;Mid-Radius;7;5.877000000000066;1.2782475000000144;49pts
-34.186;82.533;514.931;7445.676;45315.51;3.875;Q2;Mid-Radius;7;5.7690000000000055;1.254757500000001;49pts
-63.168;63.168;514.931;7896.283;47927.684;3.864;Q2;Mid-Radius;7;5.7690000000000055;1.254757500000001;49pts
-82.533;34.186;514.851;7448.305;45956.768;3.928;Q2;Mid-Radius;7;5.849000000000046;1.27215750000001;49pts
-89.333;0.0;514.811;7882.168;48140.998;3.888;;Mid-Radius;7;5.88900000000001;1.2808575000000022;49pts
-82.533;-34.186;514.885;7832.531;47601.962;3.869;Q1;Mid-Radius;7;5.815000000000055;1.2647625000000118;49pts
-63.168;-63.168;515.05;7952.815;48107.588;3.851;Q1;Mid-Radius;7;5.650000000000091;1.2288750000000197;49pts
-34.186;-82.533;514.907;8040.453;48798.413;3.864;Q1;Mid-Radius;7;5.793000000000006;1.2599775000000013;49pts
0.0;-89.333;514.868;7891.525;47830.493;3.859;;Mid-Radius;7;5.831999999999994;1.2684599999999986;49pts
34.186;-82.533;514.906;7530.815;46149.492;3.901;Q4;Mid-Radius;7;5.794000000000096;1.260195000000021;49pts
63.168;-63.168;514.925;7893.04;48392.802;3.903;Q4;Mid-Radius;7;5.775000000000091;1.2560625000000198;49pts
82.533;-34.186;514.937;7730.965;47156.301;3.883;Q4;Mid-Radius;7;5.763000000000034;1.2534525000000074;49pts
134.0;0.0;515.097;8088.235;49802.856;3.92;;Edge;7;5.6030000000000655;1.218652500000014;49pts
129.434;34.682;515.038;7620.105;47271.266;3.949;Q3;Edge;7;5.662000000000035;1.2314850000000075;49pts
116.047;67.0;515.227;8169.071;50171.929;3.91;Q3;Edge;7;5.47300000000007;1.1903775000000152;49pts
94.752;94.752;515.114;8142.32;50173.333;3.923;Q3;Edge;7;5.586000000000013;1.214955000000003;49pts
67.0;116.047;515.178;8515.805;51974.711;3.885;Q3;Edge;7;5.522000000000048;1.2010350000000105;49pts
34.682;129.434;515.106;8453.125;51684.278;3.892;Q3;Edge;7;5.594000000000051;1.216695000000011;49pts
0.0;134.0;515.065;8640.553;52563.668;3.873;;Edge;7;5.634999999999991;1.225612499999998;49pts
-34.682;129.434;515.122;8558.474;52268.255;3.888;Q2;Edge;7;5.578000000000088;1.2132150000000193;49pts
-67.0;116.047;515.123;8621.239;52873.675;3.904;Q2;Edge;7;5.576999999999998;1.2129974999999995;49pts
-94.752;94.752;514.987;8588.66;52499.738;3.891;Q2;Edge;7;5.713000000000079;1.2425775000000172;49pts
-116.048;67.0;514.978;8517.795;51663.481;3.861;Q2;Edge;7;5.722000000000094;1.2445350000000204;49pts
-129.434;34.682;515.187;8589.897;52578.824;3.897;Q2;Edge;7;5.513000000000034;1.1990775000000071;49pts
-134.0;0.0;514.925;8517.3;52141.704;3.897;;Edge;7;5.775000000000091;1.2560625000000198;49pts
-129.434;-34.682;515.039;8725.587;52851.676;3.856;Q1;Edge;7;5.661000000000058;1.2312675000000126;49pts
-116.047;-67.0;515.211;8648.409;52334.709;3.852;Q1;Edge;7;5.489000000000033;1.1938575000000071;49pts
-94.752;-94.752;515.055;8413.511;50800.103;3.844;Q1;Edge;7;5.645000000000096;1.227787500000021;49pts
-67.0;-116.047;515.232;8580.2;52216.8;3.874;Q1;Edge;7;5.468000000000075;1.1892900000000162;49pts
-34.682;-129.434;515.099;8505.015;51728.052;3.872;Q1;Edge;7;5.600999999999999;1.2182174999999995;49pts
0.0;-134.0;515.199;8445.942;51598.86;3.889;;Edge;7;5.50100000000009;1.1964675000000196;49pts
34.682;-129.434;515.054;8377.701;50267.213;3.82;Q4;Edge;7;5.646000000000072;1.2280050000000156;49pts
67.0;-116.047;514.985;8594.725;52324.66;3.876;Q4;Edge;7;5.715000000000032;1.243012500000007;49pts
94.752;-94.752;515.085;8592.516;52116.748;3.861;Q4;Edge;7;5.615000000000009;1.221262500000002;49pts
116.047;-67.0;515.137;8437.665;50873.058;3.838;Q4;Edge;7;5.563000000000102;1.2099525000000222;49pts
129.434;-34.682;515.162;7925.951;48241.558;3.875;Q4;Edge;7;5.538000000000011;1.2045150000000024;49pts
0.0;0.0;514.71;8589.158;51819.789;3.841;;Center;8;5.990000000000009;1.302825000000002;49pts
44.667;0.0;514.852;8530.385;52246.873;3.899;;Center;8;5.84800000000007;1.2719400000000152;49pts
31.584;31.584;514.786;8551.663;52235.838;3.889;Q3;Center;8;5.914000000000101;1.286295000000022;49pts
0.0;44.667;514.752;8569.232;52208.893;3.879;;Center;8;5.948000000000093;1.2936900000000202;49pts
-31.584;31.584;514.676;8504.518;51549.79;3.859;Q2;Center;8;6.024000000000001;1.3102200000000002;49pts
-44.667;0.0;514.845;8587.952;52345.677;3.88;;Center;8;5.855000000000018;1.273462500000004;49pts
-31.584;-31.584;514.733;8786.42;53054.762;3.844;Q1;Center;8;5.967000000000098;1.2978225000000214;49pts
0.0;-44.667;514.767;8647.942;52804.171;3.887;;Center;8;5.932999999999993;1.2904274999999985;49pts
31.584;-31.584;514.611;8683.462;52724.68;3.865;Q4;Center;8;6.089000000000056;1.324357500000012;49pts
89.333;0.0;514.946;7590.452;45500.603;3.816;;Mid-Radius;8;5.754000000000019;1.2514950000000042;49pts
82.533;34.186;514.935;7547.321;45808.217;3.864;Q3;Mid-Radius;8;5.7650000000001;1.2538875000000218;49pts
63.168;63.168;514.873;7556.616;45570.954;3.839;Q3;Mid-Radius;8;5.826999999999998;1.2673724999999996;49pts
34.186;82.533;514.822;7686.831;46148.692;3.822;Q3;Mid-Radius;8;5.878000000000043;1.2784650000000093;49pts
0.0;89.333;514.858;7571.46;46138.548;3.879;;Mid-Radius;8;5.842000000000098;1.2706350000000213;49pts
-34.186;82.533;515.006;7701.037;46800.105;3.869;Q2;Mid-Radius;8;5.694000000000074;1.238445000000016;49pts
-63.168;63.168;514.855;7725.183;47047.156;3.877;Q2;Mid-Radius;8;5.845000000000027;1.271287500000006;49pts
-82.533;34.186;514.9;7547.946;45924.51;3.873;Q2;Mid-Radius;8;5.800000000000068;1.2615000000000147;49pts
-89.333;0.0;514.887;7243.011;43846.826;3.854;;Mid-Radius;8;5.813000000000102;1.2643275000000225;49pts
-82.533;-34.186;515.002;7523.612;45616.333;3.86;Q1;Mid-Radius;8;5.698000000000093;1.2393150000000202;49pts
-63.168;-63.168;514.792;7694.672;46106.353;3.815;Q1;Mid-Radius;8;5.908000000000016;1.2849900000000034;49pts
-34.186;-82.533;514.993;7717.451;46993.446;3.877;Q1;Mid-Radius;8;5.706999999999994;1.241272499999999;49pts
0.0;-89.333;514.811;7763.532;46737.448;3.833;;Mid-Radius;8;5.88900000000001;1.2808575000000022;49pts
34.187;-82.533;514.87;7590.113;45819.969;3.843;Q4;Mid-Radius;8;5.830000000000041;1.2680250000000088;49pts
63.168;-63.168;514.985;7555.77;45471.189;3.831;Q4;Mid-Radius;8;5.715000000000032;1.243012500000007;49pts
82.533;-34.186;514.888;7512.438;45435.962;3.85;Q4;Mid-Radius;8;5.812000000000012;1.2641100000000025;49pts
134.0;0.0;515.103;8024.583;48951.833;3.884;;Edge;8;5.597000000000094;1.2173475000000205;49pts
129.434;34.682;515.241;7911.335;47916.266;3.856;Q3;Edge;8;5.45900000000006;1.187332500000013;49pts
116.047;67.0;515.007;8106.369;48862.2;3.837;Q3;Edge;8;5.693000000000097;1.2382275000000211;49pts
94.752;94.752;515.259;8015.923;48441.609;3.847;Q3;Edge;8;5.441000000000031;1.183417500000007;49pts
67.0;116.047;515.015;7883.292;48234.142;3.895;Q3;Edge;8;5.685000000000059;1.2364875000000128;49pts
34.682;129.434;515.179;8197.326;50592.729;3.929;Q3;Edge;8;5.521000000000072;1.2008175000000156;49pts
0.0;134.0;515.038;8314.594;50027.503;3.83;;Edge;8;5.662000000000035;1.2314850000000075;49pts
-34.682;129.434;514.944;8160.204;49617.247;3.871;Q2;Edge;8;5.7560000000000855;1.2519300000000186;49pts
-67.0;116.047;515.006;8190.002;49707.681;3.864;Q2;Edge;8;5.694000000000074;1.238445000000016;49pts
-94.752;94.752;514.992;8228.877;50400.418;3.899;Q2;Edge;8;5.708000000000084;1.2414900000000182;49pts
-116.048;67.0;515.042;8356.802;50715.385;3.863;Q2;Edge;8;5.658000000000016;1.2306150000000031;49pts
-129.434;34.682;514.915;8170.045;49754.731;3.877;Q2;Edge;8;5.785000000000082;1.258237500000018;49pts
-134.0;0.0;514.86;8303.505;50567.153;3.877;;Edge;8;5.840000000000032;1.2702000000000069;49pts
-129.434;-34.682;515.136;8228.852;50618.736;3.916;Q1;Edge;8;5.564000000000078;1.210170000000017;49pts
-116.047;-67.0;515.092;8221.014;50101.738;3.88;Q1;Edge;8;5.608000000000061;1.2197400000000131;49pts
-94.752;-94.752;515.005;8192.184;49410.217;3.84;Q1;Edge;8;5.69500000000005;1.2386625000000109;49pts
-67.0;-116.047;514.985;8260.95;49736.052;3.833;Q1;Edge;8;5.715000000000032;1.243012500000007;49pts
-34.682;-129.434;515.129;8123.967;49135.987;3.85;Q1;Edge;8;5.571000000000026;1.2116925000000058;49pts
0.0;-134.0;514.996;8185.361;49645.637;3.861;;Edge;8;5.704000000000065;1.240620000000014;49pts
34.682;-129.434;515.217;8026.266;48463.793;3.844;Q4;Edge;8;5.483000000000061;1.1925525000000132;49pts
67.0;-116.047;515.074;8035.957;49199.707;3.898;Q4;Edge;8;5.62600000000009;1.2236550000000197;49pts
94.752;-94.752;515.177;7953.383;48753.179;3.902;Q4;Edge;8;5.523000000000025;1.2012525000000054;49pts
116.047;-67.0;515.043;7799.888;47816.923;3.903;Q4;Edge;8;5.657000000000039;1.2303975000000085;49pts
129.434;-34.682;515.08;7477.205;45878.126;3.906;Q4;Edge;8;5.6200000000000045;1.222350000000001;49pts
0.0;0.0;514.654;8726.052;52727.999;3.847;;Center;9;6.046000000000049;1.3150050000000106;49pts
44.667;0.0;514.77;8525.223;51862.557;3.873;;Center;9;5.930000000000064;1.289775000000014;49pts
31.584;31.584;514.832;8675.75;52548.075;3.856;Q3;Center;9;5.868000000000052;1.2762900000000112;49pts
0.0;44.667;514.802;8658.875;52766.464;3.88;;Center;9;5.898000000000025;1.2828150000000054;49pts
-31.584;31.584;514.774;8490.642;51824.104;3.886;Q2;Center;9;5.926000000000045;1.2889050000000095;49pts
-44.667;0.0;514.643;8762.746;52915.966;3.844;;Center;9;6.057000000000016;1.3173975000000036;49pts
-31.584;-31.584;514.907;8825.214;53644.806;3.87;Q1;Center;9;5.793000000000006;1.2599775000000013;49pts
0.0;-44.667;514.762;8993.867;54446.494;3.854;;Center;9;5.938000000000102;1.2915150000000222;49pts
31.584;-31.584;514.869;8726.725;53242.812;3.884;Q4;Center;9;5.831000000000017;1.2682425000000035;49pts
89.333;0.0;514.858;7467.499;45222.861;3.855;;Mid-Radius;9;5.842000000000098;1.2706350000000213;49pts
82.533;34.186;514.91;7661.847;45970.866;3.82;Q3;Mid-Radius;9;5.790000000000077;1.259325000000017;49pts
63.168;63.168;514.965;7610.378;46059.332;3.853;Q3;Mid-Radius;9;5.735000000000014;1.247362500000003;49pts
34.186;82.533;514.903;7742.763;46562.52;3.828;Q3;Mid-Radius;9;5.7970000000000255;1.2608475000000057;49pts
0.0;89.333;514.866;7603.385;46628.205;3.904;;Mid-Radius;9;5.83400000000006;1.268895000000013;49pts
-34.187;82.533;514.7;7516.511;45733.016;3.873;Q2;Mid-Radius;9;6.0;1.305;49pts
-63.168;63.168;514.932;7788.255;47062.573;3.847;Q2;Mid-Radius;9;5.768000000000029;1.2545400000000064;49pts
-82.533;34.186;514.901;7483.929;45431.193;3.865;Q2;Mid-Radius;9;5.799000000000092;1.26128250000002;49pts
-89.333;0.0;514.868;7677.248;46640.634;3.868;;Mid-Radius;9;5.831999999999994;1.2684599999999986;49pts
-82.533;-34.186;514.822;7740.002;46864.384;3.855;Q1;Mid-Radius;9;5.878000000000043;1.2784650000000093;49pts
-63.168;-63.168;514.953;7604.337;46106.462;3.86;Q1;Mid-Radius;9;5.747000000000071;1.2499725000000157;49pts
-34.186;-82.533;514.879;7787.91;46947.195;3.838;Q1;Mid-Radius;9;5.821000000000026;1.2660675000000057;49pts
0.0;-89.333;515.117;7685.755;46381.18;3.842;;Mid-Radius;9;5.583000000000084;1.2143025000000185;49pts
34.186;-82.533;514.992;7673.986;46659.788;3.871;Q4;Mid-Radius;9;5.708000000000084;1.2414900000000182;49pts
63.168;-63.168;514.935;7610.891;46074.663;3.854;Q4;Mid-Radius;9;5.7650000000001;1.2538875000000218;49pts
82.533;-34.186;514.972;7479.906;45234.857;3.85;Q4;Mid-Radius;9;5.7280000000000655;1.2458400000000145;49pts
134.0;0.0;515.107;8097.0;49129.063;3.863;;Edge;9;5.593000000000075;1.2164775000000163;49pts
129.434;34.682;515.095;7889.621;48081.117;3.88;Q3;Edge;9;5.605000000000018;1.219087500000004;49pts
116.047;67.0;515.131;7986.493;48623.176;3.876;Q3;Edge;9;5.569000000000074;1.211257500000016;49pts
94.752;94.752;515.134;7907.809;48181.071;3.879;Q3;Edge;9;5.566000000000031;1.2106050000000068;49pts
67.0;116.047;514.96;8218.334;49497.369;3.834;Q3;Edge;9;5.740000000000009;1.248450000000002;49pts
34.682;129.434;515.004;8180.913;50051.735;3.895;Q3;Edge;9;5.696000000000026;1.2388800000000058;49pts
0.0;134.0;515.072;7660.987;46425.556;3.858;;Edge;9;5.628000000000043;1.2240900000000092;49pts
-34.682;129.434;515.165;7975.688;48658.417;3.884;Q2;Edge;9;5.535000000000082;1.2038625000000178;49pts
-67.0;116.047;515.061;8238.679;50149.293;3.875;Q2;Edge;9;5.63900000000001;1.226482500000002;49pts
-94.752;94.752;515.056;7947.513;48517.676;3.886;Q2;Edge;9;5.6440000000000055;1.2275700000000012;49pts
-116.047;67.0;515.157;8247.0;50158.534;3.872;Q2;Edge;9;5.543000000000006;1.2056025000000017;49pts
-129.434;34.682;515.016;7840.356;48016.937;3.899;Q2;Edge;9;5.684000000000083;1.236270000000018;49pts
-134.0;0.0;514.967;8192.538;50348.296;3.912;;Edge;9;5.733000000000061;1.2469275000000133;49pts
-129.434;-34.682;515.03;7860.62;48542.939;3.931;Q1;Edge;9;5.670000000000073;1.2332250000000158;49pts
-116.047;-67.0;515.008;8237.466;50607.86;3.911;Q1;Edge;9;5.692000000000007;1.2380100000000016;49pts
-94.752;-94.752;514.925;8254.183;49819.141;3.842;Q1;Edge;9;5.775000000000091;1.2560625000000198;49pts
-67.0;-116.047;515.102;8210.542;49224.291;3.817;Q1;Edge;9;5.59800000000007;1.217565000000015;49pts
-34.682;-129.434;515.055;8355.951;50417.223;3.841;Q1;Edge;9;5.645000000000096;1.227787500000021;49pts
0.0;-134.0;515.068;8054.093;49495.012;3.912;;Edge;9;5.632000000000062;1.2249600000000134;49pts
34.682;-129.434;515.082;8062.53;49185.552;3.884;Q4;Edge;9;5.618000000000052;1.2219150000000112;49pts
67.0;-116.047;515.092;8159.533;49264.517;3.844;Q4;Edge;9;5.608000000000061;1.2197400000000131;49pts
94.752;-94.752;515.112;8205.385;49916.337;3.873;Q4;Edge;9;5.588000000000079;1.2153900000000173;49pts
116.047;-67.0;515.124;7823.031;47976.002;3.904;Q4;Edge;9;5.576000000000022;1.2127800000000046;49pts
129.434;-34.682;514.849;7714.042;46821.601;3.864;Q4;Edge;9;5.850999999999999;1.2725924999999998;49pts
0.0;0.0;514.797;8743.509;53211.756;3.874;;Center;10;5.90300000000002;1.2839025000000044;49pts
44.667;0.0;514.747;8717.846;53159.617;3.882;;Center;10;5.953000000000088;1.2947775000000192;49pts
31.584;31.584;514.922;8573.404;52325.58;3.885;Q3;Center;10;5.77800000000002;1.2567150000000042;49pts
0.0;44.667;514.71;8626.0;52317.208;3.861;;Center;10;5.990000000000009;1.302825000000002;49pts
-31.584;31.584;514.717;8696.12;52106.786;3.815;Q2;Center;10;5.983000000000061;1.3013025000000134;49pts
-44.667;0.0;514.755;8737.379;53111.438;3.87;;Center;10;5.94500000000005;1.293037500000011;49pts
-31.584;-31.584;514.697;8945.515;54100.055;3.85;Q1;Center;10;6.003000000000043;1.3056525000000092;49pts
0.0;-44.667;514.823;8900.963;54557.412;3.902;;Center;10;5.877000000000066;1.2782475000000144;49pts
31.584;-31.584;514.79;8738.481;53365.44;3.888;Q4;Center;10;5.910000000000082;1.2854250000000178;49pts
89.333;0.0;515.039;7586.812;46298.915;3.885;;Mid-Radius;10;5.661000000000058;1.2312675000000126;49pts
82.533;34.186;514.881;7682.218;46045.941;3.816;Q3;Mid-Radius;10;5.819000000000074;1.265632500000016;49pts
63.168;63.168;514.852;7633.348;45707.32;3.812;Q3;Mid-Radius;10;5.84800000000007;1.2719400000000152;49pts
34.186;82.533;515.075;7577.133;46319.598;3.892;Q3;Mid-Radius;10;5.625;1.2234375;49pts
0.0;89.333;515.003;7560.564;45714.668;3.849;;Mid-Radius;10;5.697000000000003;1.2390975000000006;49pts
-34.186;82.533;515.012;7684.506;46246.121;3.831;Q2;Mid-Radius;10;5.688000000000102;1.237140000000022;49pts
-63.168;63.168;514.922;7817.253;47468.388;3.866;Q2;Mid-Radius;10;5.77800000000002;1.2567150000000042;49pts
-82.533;34.186;515.108;7535.846;45736.024;3.864;Q2;Mid-Radius;10;5.592000000000098;1.2162600000000214;49pts
-89.333;0.0;514.987;7686.527;47121.73;3.903;;Mid-Radius;10;5.713000000000079;1.2425775000000172;49pts
-82.533;-34.186;514.848;7777.667;47240.994;3.867;Q1;Mid-Radius;10;5.852000000000089;1.272810000000019;49pts
-63.168;-63.168;514.796;7691.303;46306.057;3.833;Q1;Mid-Radius;10;5.903999999999996;1.2841199999999993;49pts
-34.186;-82.533;514.884;7933.182;47337.525;3.799;Q1;Mid-Radius;10;5.816000000000031;1.2649800000000069;49pts
0.0;-89.333;514.911;7886.981;47344.966;3.822;;Mid-Radius;10;5.789000000000101;1.259107500000022;49pts
34.187;-82.533;514.94;7753.169;46861.531;3.848;Q4;Mid-Radius;10;5.759999999999991;1.252799999999998;49pts
63.168;-63.168;514.869;7744.874;46846.903;3.851;Q4;Mid-Radius;10;5.831000000000017;1.2682425000000035;49pts
82.533;-34.186;514.912;7626.121;45819.329;3.825;Q4;Mid-Radius;10;5.788000000000011;1.2588900000000025;49pts
134.0;0.0;515.035;8143.59;49721.929;3.887;;Edge;10;5.665000000000077;1.2321375000000168;49pts
129.434;34.682;515.027;8019.475;48668.669;3.864;Q3;Edge;10;5.673000000000002;1.2338775000000004;49pts
116.047;67.0;515.118;8102.088;49533.405;3.892;Q3;Edge;10;5.581999999999994;1.2140849999999983;49pts
94.752;94.752;515.128;8177.089;48913.132;3.808;Q3;Edge;10;5.572000000000003;1.2119100000000005;49pts
67.0;116.047;515.142;8285.883;50593.057;3.887;Q3;Edge;10;5.557999999999993;1.2088649999999983;49pts
34.682;129.434;515.045;8410.149;51071.51;3.866;Q3;Edge;10;5.655000000000086;1.2299625000000187;49pts
0.0;134.0;515.051;8563.541;52047.115;3.869;;Edge;10;5.649000000000001;1.2286575000000002;49pts
-34.682;129.434;514.971;8526.621;51729.413;3.862;Q2;Edge;10;5.729000000000042;1.2460575000000091;49pts
-67.0;116.047;515.259;8536.67;52254.929;3.897;Q2;Edge;10;5.441000000000031;1.183417500000007;49pts
-94.752;94.752;515.093;8491.259;51654.346;3.873;Q2;Edge;10;5.607000000000085;1.2195225000000185;49pts
-116.048;67.0;515.1;8475.779;52132.4;3.916;Q2;Edge;10;5.600000000000023;1.2180000000000049;49pts
-129.434;34.682;515.138;8287.703;51251.924;3.937;Q2;Edge;10;5.562000000000012;1.209735000000003;49pts
-134.0;0.0;515.062;8479.239;51482.303;3.865;;Edge;10;5.638000000000034;1.2262650000000073;49pts
-129.434;-34.682;515.192;8243.295;50865.821;3.928;Q1;Edge;10;5.508000000000038;1.1979900000000083;49pts
-116.047;-67.0;515.166;8321.646;50820.471;3.888;Q1;Edge;10;5.533999999999992;1.2036449999999983;49pts
-94.752;-94.752;515.032;8172.298;49688.501;3.871;Q1;Edge;10;5.668000000000006;1.2327900000000014;49pts
-67.0;-116.047;515.007;8339.337;50798.272;3.878;Q1;Edge;10;5.693000000000097;1.2382275000000211;49pts
-34.682;-129.434;515.047;8257.542;50589.406;3.9;Q1;Edge;10;5.65300000000002;1.2295275000000043;49pts
0.0;-134.0;515.052;8243.625;49664.366;3.835;;Edge;10;5.648000000000025;1.2284400000000053;49pts
34.682;-129.434;514.944;8212.892;49630.735;3.847;Q4;Edge;10;5.7560000000000855;1.2519300000000186;49pts
67.0;-116.047;514.968;8298.422;50459.576;3.871;Q4;Edge;10;5.732000000000085;1.2467100000000184;49pts
94.752;-94.752;515.081;8113.225;49315.845;3.87;Q4;Edge;10;5.619000000000028;1.222132500000006;49pts
116.047;-67.0;514.917;8055.09;49023.582;3.874;Q4;Edge;10;5.783000000000016;1.2578025000000033;49pts
129.434;-34.682;515.041;7970.293;48190.509;3.849;Q4;Edge;10;5.658999999999992;1.2308324999999982;49pts
0.0;0.0;514.769;8614.219;51464.412;3.803;;Center;11;5.93100000000004;1.2899925000000088;49pts
44.667;0.0;514.781;8541.907;52179.624;3.889;;Center;11;5.919000000000096;1.287382500000021;49pts
31.584;31.584;514.81;8525.682;51034.987;3.811;Q3;Center;11;5.8900000000001;1.2810750000000215;49pts
0.0;44.667;514.859;8480.148;51664.76;3.879;;Center;11;5.841000000000008;1.2704175000000018;49pts
-31.584;31.584;514.675;8403.687;51036.787;3.866;Q2;Center;11;6.025000000000091;1.3104375000000197;49pts
-44.667;0.0;514.804;8533.365;51689.605;3.856;;Center;11;5.896000000000072;1.2823800000000156;49pts
-31.584;-31.584;514.797;8579.812;51944.023;3.854;Q1;Center;11;5.90300000000002;1.2839025000000044;49pts
0.0;-44.667;514.827;8702.493;52632.547;3.85;;Center;11;5.873000000000047;1.2773775000000105;49pts
31.584;-31.584;514.83;8640.814;52414.671;3.862;Q4;Center;11;5.8700000000000045;1.276725000000001;49pts
89.333;0.0;515.101;7460.452;45441.229;3.878;;Mid-Radius;11;5.599000000000046;1.21778250000001;49pts
82.533;34.186;514.953;7619.082;45577.459;3.808;Q3;Mid-Radius;11;5.747000000000071;1.2499725000000157;49pts
63.168;63.168;514.94;7566.658;45490.805;3.827;Q3;Mid-Radius;11;5.759999999999991;1.252799999999998;49pts
34.186;82.533;515.002;7501.5;45691.442;3.878;Q3;Mid-Radius;11;5.698000000000093;1.2393150000000202;49pts
0.0;89.333;514.95;7514.618;45294.114;3.837;;Mid-Radius;11;5.75;1.250625;49pts
-34.186;82.533;515.031;7437.434;45033.559;3.855;Q2;Mid-Radius;11;5.669000000000096;1.233007500000021;49pts
-63.168;63.168;514.969;7734.61;46452.67;3.823;Q2;Mid-Radius;11;5.7309999999999945;1.246492499999999;49pts
-82.533;34.186;514.813;7478.575;45143.558;3.843;Q2;Mid-Radius;11;5.887000000000057;1.2804225000000125;49pts
-89.333;0.0;515.014;7560.65;45347.772;3.818;;Mid-Radius;11;5.686000000000036;1.2367050000000075;49pts
-82.533;-34.186;515.031;7572.34;46250.019;3.888;Q1;Mid-Radius;11;5.669000000000096;1.233007500000021;49pts
-63.168;-63.168;514.888;7583.95;45586.515;3.827;Q1;Mid-Radius;11;5.812000000000012;1.2641100000000025;49pts
-34.186;-82.533;515.014;7643.104;45892.438;3.823;Q1;Mid-Radius;11;5.686000000000036;1.2367050000000075;49pts
0.0;-89.333;515.119;7634.593;46059.352;3.841;;Mid-Radius;11;5.581000000000017;1.2138675000000037;49pts
34.186;-82.533;515.013;7553.123;45316.836;3.82;Q4;Mid-Radius;11;5.687000000000012;1.2369225000000026;49pts
63.168;-63.168;515.053;7597.843;45982.83;3.853;Q4;Mid-Radius;11;5.647000000000048;1.2282225000000104;49pts
82.533;-34.186;514.975;7486.812;44675.638;3.799;Q4;Mid-Radius;11;5.725000000000023;1.245187500000005;49pts
134.0;0.0;515.05;7906.24;48125.95;3.875;;Edge;11;5.650000000000091;1.2288750000000197;49pts
129.434;34.682;515.109;7913.416;48081.24;3.868;Q3;Edge;11;5.591000000000008;1.2160425000000017;49pts
116.047;67.0;515.126;7869.687;48299.184;3.907;Q3;Edge;11;5.574000000000069;1.212345000000015;49pts
94.752;94.752;515.125;8028.698;48203.835;3.822;Q3;Edge;11;5.5750000000000455;1.21256250000001;49pts
67.0;116.047;514.978;8212.615;49381.034;3.828;Q3;Edge;11;5.722000000000094;1.2445350000000204;49pts
34.682;129.434;515.124;8236.388;50054.453;3.869;Q3;Edge;11;5.576000000000022;1.2127800000000046;49pts
0.0;134.0;515.043;8339.885;50281.072;3.838;;Edge;11;5.657000000000039;1.2303975000000085;49pts
-34.682;129.434;515.178;8255.96;49696.123;3.832;Q2;Edge;11;5.522000000000048;1.2010350000000105;49pts
-67.0;116.047;515.175;8346.43;50343.206;3.84;Q2;Edge;11;5.525000000000091;1.2016875000000198;49pts
-94.752;94.752;515.106;8001.871;48606.247;3.867;Q2;Edge;11;5.594000000000051;1.216695000000011;49pts
-116.047;67.0;515.188;8185.378;50575.875;3.934;Q2;Edge;11;5.512000000000057;1.1988600000000125;49pts
-129.434;34.682;514.988;7920.65;48226.522;3.876;Q2;Edge;11;5.711999999999989;1.2423599999999977;49pts
-134.0;0.0;515.082;8091.803;49673.856;3.908;;Edge;11;5.618000000000052;1.2219150000000112;49pts
-129.434;-34.682;515.025;8048.612;49306.25;3.9;Q1;Edge;11;5.675000000000068;1.2343125000000148;49pts
-116.047;-67.0;515.024;8300.364;49653.328;3.808;Q1;Edge;11;5.676000000000045;1.2345300000000097;49pts
-94.752;-94.752;515.117;8010.048;48910.14;3.887;Q1;Edge;11;5.583000000000084;1.2143025000000185;49pts
-67.0;-116.047;515.145;8167.321;49236.338;3.838;Q1;Edge;11;5.555000000000064;1.208212500000014;49pts
-34.682;-129.434;514.997;8139.664;49441.816;3.867;Q1;Edge;11;5.703000000000088;1.2404025000000192;49pts
0.0;-134.0;515.022;7997.566;48836.967;3.888;;Edge;11;5.677999999999997;1.2349649999999994;49pts
34.682;-129.434;515.102;7836.932;48158.856;3.912;Q4;Edge;11;5.59800000000007;1.217565000000015;49pts
67.0;-116.047;515.084;7985.976;48020.395;3.828;Q4;Edge;11;5.616000000000099;1.2214800000000217;49pts
94.752;-94.752;515.066;8048.815;48483.929;3.835;Q4;Edge;11;5.634000000000015;1.2253950000000031;49pts
116.047;-67.0;515.241;7521.522;46571.359;3.942;Q4;Edge;11;5.45900000000006;1.187332500000013;49pts
129.434;-34.682;515.069;7547.214;46044.908;3.884;Q4;Edge;11;5.6310000000000855;1.2247425000000185;49pts
0.0;0.0;514.753;8257.565;50310.026;3.879;;Center;12;5.947000000000003;1.2934725000000007;49pts
44.667;0.0;514.87;8175.374;49224.156;3.833;;Center;12;5.830000000000041;1.2680250000000088;49pts
31.584;31.584;514.792;8272.676;50358.343;3.875;Q3;Center;12;5.908000000000016;1.2849900000000034;49pts
0.0;44.667;514.743;7945.869;48066.988;3.851;;Center;12;5.956999999999994;1.2956474999999985;49pts
-31.584;31.584;514.811;7715.92;47049.342;3.882;Q2;Center;12;5.88900000000001;1.2808575000000022;49pts
-44.667;0.0;514.843;7873.765;47849.493;3.869;;Center;12;5.857000000000085;1.2738975000000183;49pts
-31.584;-31.584;514.862;7880.156;47961.381;3.875;Q1;Center;12;5.838000000000079;1.2697650000000171;49pts
0.0;-44.667;514.835;8282.997;50171.238;3.856;;Center;12;5.865000000000009;1.275637500000002;49pts
31.584;-31.584;514.718;8105.622;48712.73;3.826;Q4;Center;12;5.982000000000085;1.3010850000000185;49pts
89.333;0.0;514.818;7170.996;43128.126;3.829;;Mid-Radius;12;5.882000000000062;1.2793350000000134;49pts
82.533;34.186;514.901;7067.496;43095.732;3.882;Q3;Mid-Radius;12;5.799000000000092;1.26128250000002;49pts
63.168;63.168;514.767;7107.828;43000.38;3.851;Q3;Mid-Radius;12;5.932999999999993;1.2904274999999985;49pts
34.186;82.533;514.927;6974.95;42068.307;3.84;Q3;Mid-Radius;12;5.773000000000025;1.2556275000000052;49pts
0.0;89.333;514.958;6763.714;41389.884;3.896;;Mid-Radius;12;5.742000000000076;1.2488850000000165;49pts
-34.186;82.533;514.925;6525.512;39529.008;3.856;Q2;Mid-Radius;12;5.775000000000091;1.2560625000000198;49pts
-63.168;63.168;514.997;7235.837;43696.698;3.845;Q2;Mid-Radius;12;5.703000000000088;1.2404025000000192;49pts
-82.533;34.186;514.768;6943.639;41657.311;3.819;Q2;Mid-Radius;12;5.932000000000016;1.2902100000000036;49pts
-89.333;0.0;514.895;7221.029;43751.792;3.857;;Mid-Radius;12;5.805000000000064;1.2625875000000135;49pts
-82.533;-34.186;515.071;7196.615;43617.891;3.858;Q1;Mid-Radius;12;5.629000000000019;1.224307500000004;49pts
-63.168;-63.168;514.812;7223.849;43203.385;3.807;Q1;Mid-Radius;12;5.888000000000034;1.280640000000007;49pts
-34.186;-82.533;514.975;7420.488;45220.496;3.88;Q1;Mid-Radius;12;5.725000000000023;1.245187500000005;49pts
0.0;-89.333;514.872;7358.039;44354.515;3.838;;Mid-Radius;12;5.828000000000088;1.267590000000019;49pts
34.186;-82.533;514.924;7280.509;43957.291;3.844;Q4;Mid-Radius;12;5.776000000000067;1.2562800000000147;49pts
63.168;-63.168;515.018;7201.464;44152.822;3.903;Q4;Mid-Radius;12;5.682000000000016;1.2358350000000036;49pts
82.533;-34.186;514.865;7040.145;42197.618;3.816;Q4;Mid-Radius;12;5.835000000000036;1.269112500000008;49pts
134.0;0.0;515.262;7708.93;46816.974;3.866;;Edge;12;5.438000000000102;1.182765000000022;49pts
129.434;34.682;514.983;7786.035;46759.535;3.823;Q3;Edge;12;5.717000000000098;1.2434475000000214;49pts
116.047;67.0;515.167;7358.483;44462.075;3.847;Q3;Edge;12;5.533000000000016;1.2034275000000034;49pts
94.752;94.752;515.145;7463.791;46102.443;3.932;Q3;Edge;12;5.555000000000064;1.208212500000014;49pts
67.0;116.047;514.866;7376.076;45550.333;3.931;Q3;Edge;12;5.83400000000006;1.268895000000013;49pts
34.682;129.434;515.054;7258.588;44885.466;3.937;Q3;Edge;12;5.646000000000072;1.2280050000000156;49pts
0.0;134.0;514.947;7428.515;44770.902;3.837;;Edge;12;5.753000000000043;1.2512775000000094;49pts
-34.682;129.434;514.896;7462.869;45602.712;3.89;Q2;Edge;12;5.804000000000087;1.262370000000019;49pts
-67.0;116.047;515.033;7421.312;45177.637;3.875;Q2;Edge;12;5.66700000000003;1.2325725000000065;49pts
-94.752;94.752;514.939;7133.714;43945.285;3.922;Q2;Edge;12;5.761000000000081;1.2530175000000177;49pts
-116.047;67.0;514.947;7608.819;47103.452;3.941;Q2;Edge;12;5.753000000000043;1.2512775000000094;49pts
-129.434;34.682;514.946;6999.088;43588.957;3.965;Q2;Edge;12;5.754000000000019;1.2514950000000042;49pts
-134.0;0.0;514.847;7358.212;45487.382;3.935;;Edge;12;5.8530000000000655;1.2730275000000142;49pts
-129.434;-34.682;514.899;7447.625;45941.378;3.927;Q1;Edge;12;5.801000000000045;1.2617175000000096;49pts
-116.047;-67.0;515.1;7718.28;47433.485;3.912;Q1;Edge;12;5.600000000000023;1.2180000000000049;49pts
-94.752;-94.752;514.975;7742.659;46942.936;3.86;Q1;Edge;12;5.725000000000023;1.245187500000005;49pts
-67.0;-116.047;514.991;7768.258;47809.046;3.918;Q1;Edge;12;5.70900000000006;1.241707500000013;49pts
-34.682;-129.434;515.018;7818.153;47972.167;3.906;Q1;Edge;12;5.682000000000016;1.2358350000000036;49pts
0.0;-134.0;515.077;7755.134;47813.578;3.925;;Edge;12;5.623000000000047;1.2230025000000102;49pts
34.682;-129.434;514.969;7787.256;46933.544;3.837;Q4;Edge;12;5.7309999999999945;1.246492499999999;49pts
67.0;-116.047;514.905;7852.591;48173.099;3.905;Q4;Edge;12;5.795000000000073;1.260412500000016;49pts
94.752;-94.752;514.945;7711.907;47376.781;3.911;Q4;Edge;12;5.754999999999996;1.251712499999999;49pts
116.047;-67.0;514.972;7647.745;46636.454;3.882;Q4;Edge;12;5.7280000000000655;1.2458400000000145;49pts
129.434;-34.682;514.841;7390.484;44696.92;3.85;Q4;Edge;12;5.859000000000037;1.274332500000008;49pts
